hp_nm,Jsc_mA_cm2,Voc_V,FF,Efficiency_percent
2.0,50.2,0.865,0.845,36.692435
4.0,51.3,0.878,0.853,38.42031419999999
6.0,51.8,0.888,0.86,39.558623999999995
8.0,52.05,0.895,0.865,40.29580875
10.0,52.2,0.902,0.869,40.916343600000005
12.0,52.08,0.899,0.864,40.452410879999995
