hp_over_br,Jsc_mA_cm2,Voc_V,FF,Efficiency_percent
1.0,52.3,0.904,0.87,41.132903999999996
1.5,52.05,0.901,0.867,40.65974235
2.0,51.6,0.896,0.86,39.760896
2.5,50.8,0.888,0.85,38.34384
3.0,49.7,0.878,0.838,36.5674708
3.5,48.5,0.867,0.825,34.6908375
